,PID,SeqID,Title,Artist
0,3553,0,Ready,Fabolous
1,10572,0,Uptown Funk,Mark Ronson
2,2466,0,Destroy Everything,Hatebreed
3,67781,0,Pity Party,Melanie Martinez
4,16036,0,Rock Your Baby,George McCrae
5,67781,0,Stitches,Shawn Mendes
6,67781,1,Fight Song,Rachel Platten
7,130767,0,Dollar Signs,Calvin Harris
8,6721,0,Hello,Adele
9,67781,0,Bulletproof Love,Pierce The Veil
10,67781,1,I'm Low On Gas And You Need A Jacket,Pierce The Veil
11,86626,0,Someday We'll Be Together,Diana Ross & The Supremes
12,10400,0,Jealous,Labrinth
13,44631,0,Faded,Conor Maynard
14,3553,0,Safe Sex Pay Checks,Rae Sremmurd
15,8570,0,No Problem (feat,Chance The Rapper
16,10572,0,Coffee,Sylvan Esso
17,86626,0,One Summer Night,The Danleers
18,3553,0,Stronger,Kanye West
19,10572,0,Get Lucky,Daft Punk
20,44631,0,Let It Go,James Bay
21,2100,0,Partition,Beyoncé
22,130767,0,Roses,The Chainsmokers
23,51818,0,Hide,FKA twigs
24,2100,0,Shake That,Eminem
25,2100,1,Desire,Years & Years
26,3553,0,Bonfire,Childish Gambino
27,3553,1,Low Life,Future
28,44631,0,Take A Bow - Main,Rihanna
29,44631,1,Stone Cold,Demi Lovato
30,86626,0,It Was Easier To Hurt Him,Dusty Springfield
31,21217,0,Let Me Love You (Until You Learn To Love Yourself) (Glee Cast Version),Glee Cast
32,98451,0,Hello,Adele
33,454776,0,No Rain,Blind Melon
34,3553,0,Something Just Like This,The Chainsmokers
35,8658,0,Work Out,J. Cole
36,86626,0,Only You,The Platters
37,2100,0,Dirrty,Christina Aguilera
38,46146,0,Scene Five - With Ears To See and Eyes To Hear,Sleeping With Sirens
39,67781,0,The Sky Under the Sea,Pierce The Veil
40,67781,1,Carry on Wayward Son,Kansas
41,67781,2,Play Date,Melanie Martinez
42,8658,0,Don't Let Me Down,The Chainsmokers
43,8658,1,Side To Side,Ariana Grande
44,67781,0,You,Breaking Benjamin
45,6721,0,Stone Cold,Demi Lovato
46,3553,0,Lady Killers (feat,G-Eazy
47,67781,0,"Build God, Then We'll Talk",Panic! At The Disco
48,8570,0,All The Way Up (Remix),Fat Joe
49,44631,0,Someone Like You,Adele
50,21217,0,Wanted,Hunter Hayes
51,46146,0,Don't Fall Asleep at the Helm,Sleeping With Sirens
52,67781,0,Sleep,My Chemical Romance
53,176336,0,Son Song (feat,Soulfly
54,454776,0,Good Times Bad Times,Led Zeppelin
55,67781,0,Demons,Imagine Dragons
56,8570,0,pick up the phone,Young Thug
57,98451,0,Closer,The Chainsmokers
58,98451,1,Hummingbird Heartbeat,Katy Perry
59,8570,0,Comfortable,K CAMP
60,3553,0,Bossin' Up,Kid Ink
61,3553,1,"Sit Still, Look Pretty",Daya
62,3553,2,Hotline Bling,Drake
63,130767,0,Love Now,Calvin Harris
64,61723,0,Someone Like You,Adele
65,67781,0,When You Can't Sleep At Night,Of Mice & Men
66,8570,0,Want Some More,Nicki Minaj
67,44631,0,Lay Me Down,Sam Smith
68,67781,0,Kiss It Better,He Is We
69,2100,0,Love Is Overrated,Shwayze
70,67781,0,The Boy Who Could Fly,Pierce The Veil
71,67781,1,Say Something,A Great Big World
72,61723,0,My Immortal,Evanescence
73,67781,0,A Little Too Much,Shawn Mendes
74,88155,0,Not About Angels,Birdy
75,88155,1,A Thousand Years,Christina Perri
76,9655,0,La culebra,Banda Machos
77,6721,0,Infinity,One Direction
78,16036,0,Beverly Laurel,Tame Impala
79,67781,0,The Kids From Yesterday,My Chemical Romance
80,2466,0,Break The Cycle,For Today
81,27101,0,Runaway,Kanye West
82,8570,0,Bake Sale (feat,Wiz Khalifa
83,130767,0,Open Wide,Calvin Harris
84,46146,0,Scene Four - Don't You Ever Forget About Me,Sleeping With Sirens
85,597121,0,A Brief Tutorial On Vip Production (Vip) - Vip,Dubba Jonny
86,46146,0,Who Are You Now,Sleeping With Sirens
87,10400,0,Blindsided,Bon Iver
88,67781,0,My Immortal,Evanescence
89,2100,0,Ignition - Remix,R. Kelly
90,22628,0,be my forever (feat,Christina Perri
91,86626,0,Tears Are Falling,The Youngbloods
92,86626,1,Little Star,The Elegants
93,3553,0,Started From the Bottom,Drake
94,6721,0,Eyes Wide Open,Sabrina Carpenter
95,863720,0,Hail Mary (feat,Trey Songz
96,24143,0,Taking Chances (Glee Cast Version),Glee Cast
97,27101,0,22 (OVER S∞∞N),Bon Iver
98,10400,0,For Emma,Bon Iver
99,61723,0,How to Save a Life,The Fray
100,44631,0,Stay With Me,Sam Smith
101,67781,0,Chasing Cars,Snow Patrol
102,2100,0,Under Control,Calvin Harris
103,46146,0,Do It Now Remember It Later,Sleeping With Sirens
104,454776,0,Howlin' For You,The Black Keys
105,23544,0,I Won't Fight It,Andrew Belle
106,27101,0,Highway Patrol,Yung Lean
107,88155,0,All I Want,Kodaline
108,213226,0,The One Armed Boxer vs,From First To Last
109,863720,0,Love Sosa,Chief Keef
110,2466,0,Devil's Night,Motionless In White
111,22628,0,Marry You,Bruno Mars
112,8570,0,Controlla,Drake
113,317182,0,Phenomenon,Limp Bizkit
114,10572,0,Marry You,Bruno Mars
115,16036,0,In Da Club,50 Cent
116,3553,0,Bounce Back,Big Sean
117,176336,0,Under and Over It,Five Finger Death Punch
118,44631,0,Million Reasons,Lady Gaga
119,67781,0,Sweater Weather,Slaves
120,67781,1,Goodbye,Secondhand Serenade
121,176336,0,Hero,Skillet
122,61723,0,Chasing Cars,Snow Patrol
123,2466,0,Descending,Lamb of God
124,24143,0,Here's To Us (Glee Cast Version),Glee Cast
125,67781,0,Idfc,blackbear
126,61723,0,Crazier,Taylor Swift
127,8570,0,Lord Don't Make Me Do It,Lil Durk
128,3553,0,No Role Modelz,J. Cole
129,21217,0,Lover Of The Light,Mumford & Sons
130,3529,0,Down Girl,Roy Woods
131,8570,0,24K Magic,Bruno Mars
132,66889,0,Next To You,Chris Brown
133,67781,0,Come Sail Away,Styx
134,67781,1,Coming Back Down,Hollywood Undead
135,454776,0,Meet Virginia,Train
136,44631,0,Remember The Name (feat,Fort Minor
137,3553,0,Hypnotized,Akon
138,67781,0,My Demons,Starset
139,46146,0,"In Case of Emergency, Dial 411",Sleeping With Sirens
140,863720,0,Back Then,Mike Jones
141,44631,0,Heroes (we could be),Alesso
142,454776,0,Yellow Ledbetter,Pearl Jam
143,3553,0,Get Ugly,Jason Derulo
144,176336,0,Breaking Me Down,Soil
145,44631,0,The Scientist,Coldplay
146,3553,0,Don't Mind,Kent Jones
147,176336,0,Confrontation,Otep
148,67781,0,human,Christina Perri
149,9655,0,Gasolina,Daddy Yankee
150,9655,1,Taboo,Don Omar
151,67781,0,Wake Me Up When September Ends,Green Day
152,66889,0,Make You Feel My Love,Adele
153,2100,0,Ride Wit Me,Nelly
154,44631,0,Mr Sandman,The Puppini Sisters
155,44631,1,Unconditionally,Katy Perry
156,357827,0,All I Want,A Day To Remember
157,88155,0,Let's Hurt Tonight,OneRepublic
158,22628,0,Miss Movin' On,Fifth Harmony
159,61723,0,See You Again (feat,Wiz Khalifa
160,86626,0,Lonely Blue Nights,Rosie & The Originals
161,16036,0,Human,The Killers
162,67781,0,Jumper,Bedlight for Blue Eyes
163,16036,0,Crazy In Love,Beyoncé
164,3553,0,"Work Hard, Play Hard",Wiz Khalifa
165,10400,0,The Wolves (Act I and II),Bon Iver
166,8658,0,Despacito (Featuring Daddy Yankee),Luis Fonsi
167,3553,0,Time For That,Kevin Gates
168,88155,0,Wherever You Will Go,Charlene Soraia
169,130767,0,No Beef,Afrojack
170,130767,1,Kick Out The Epic Motherf**ker,Dada Life
171,9655,0,Fireball,Pitbull
172,44631,0,Amnesia,5 Seconds of Summer
173,454776,0,All In the Family,Korn
174,67781,0,Scene Two - Roger Rabbit,Sleeping With Sirens
175,454776,0,Born To Be Wild,Steppenwolf
176,8570,0,Black Beatles,Rae Sremmurd
177,86626,0,Maybe,The Chantels
178,176336,0,Breakin' Outta Hell,Airbourne
179,21217,0,Hey Pretty Girl,Kip Moore
180,2466,0,Giles,Unearth
181,3553,0,Levels,Meek Mill
182,10572,0,Heaven,Emeli Sandé
183,3553,0,Cool Kids,Echosmith
184,67781,0,Broken,Seether
185,9655,0,Como La Flor,Selena
186,67781,0,Hold On Till May,Pierce The Veil
187,16036,0,Waterloo,ABBA
188,24143,0,Because Of You,Reba McEntire
189,176336,0,Linchpin,Fear Factory
190,44631,0,Holy Grail,JAY Z
191,2100,0,Disco Inferno,50 Cent
192,454776,0,Chop Suey!,System Of A Down
193,3553,0,You Was Right,Lil Uzi Vert
194,98451,0,Fix A Heart,Demi Lovato
195,22628,0,I Won't Give Up,Jason Mraz
196,61723,0,I Have Nothing,Whitney Houston
197,2466,0,Power Trip,Chimaira
198,176336,0,Denial,Sevendust
199,22628,0,Jar of Hearts,Christina Perri
200,176336,0,Black Magic,Slayer
201,317182,0,Ready To Go,Limp Bizkit
202,61723,0,Somewhere Over The Rainbow,Katharine McPhee
203,88155,0,The Funeral,Band of Horses
204,18734,0,Young,Vallis Alps
205,67781,0,Don't Jump,Tokio Hotel
206,8570,0,Get Right Witcha,Migos
207,597121,0,Embrace,Chase & Status
208,67781,0,Watch Me Drown,Seether
209,67781,1,Not In That Way,Sam Smith
210,3553,0,New Flame,Chris Brown
211,317182,0,My Way,Limp Bizkit
212,67781,0,Hope,We Came As Romans
213,8570,0,Backyard Party,R. Kelly
214,44631,0,Let Her Go,Passenger
215,24143,0,If I Were A Boy,Reba McEntire
216,3553,0,Hype,Drake
217,67781,0,American Love,Jack's Mannequin
218,357827,0,I Am the Highway,Audioslave
219,10572,0,Lose Yourself to Dance,Daft Punk
220,3553,0,Whatever You Like,T.I.
221,2100,0,Alors On Danse,Stromae
222,10400,0,Georgia,Vance Joy
223,44631,0,Keep Your Head Up,Andy Grammer
224,2100,0,Hold My Hand,Jess Glynne
225,86626,0,Only You (And You Alone),The Platters
226,44631,0,Life Of The Party,Shawn Mendes
227,67781,0,Invisible,Plumb
228,88155,0,Look After You,The Fray
229,3553,0,Miss Me,Drake
230,86626,0,Tired of Being Alone,Al Green
231,454776,0,Stairway To Heaven,Led Zeppelin
232,61723,0,Earned It (Fifty Shades Of Grey),The Weeknd
233,454776,0,Toxicity,System Of A Down
234,44631,0,Jar of Hearts,Christina Perri
235,51818,0,Another One,Mac Demarco
236,10572,0,I Wanna Dance with Somebody (Who Loves Me),Whitney Houston
237,61723,0,I Will Follow You Into The Dark,Death Cab for Cutie
238,67781,0,Teddy Bear,Melanie Martinez
239,16036,0,Billie Jean,Michael Jackson
240,3553,0,Roll Up,Wiz Khalifa
241,176336,0,Death Before Dishonor,Five Finger Death Punch
242,24143,0,Sing (Glee Cast Version),Glee Cast
243,86626,0,Stay,Maurice Williams
244,24143,0,And Still,Reba McEntire
245,16036,0,I Feel It Coming,The Weeknd
246,66889,0,Happier,Ed Sheeran
247,67781,0,Someone Like You,Adele
248,130767,0,It Won't Kill Ya,The Chainsmokers
249,3553,0,Tapout,Rich Gang
250,2466,0,In Waves,Trivium
251,3553,0,My House,Flo Rida
252,21217,0,Hometown Glory,Adele
253,10224,0,My Shit,A Boogie Wit da Hoodie
254,44631,0,How to Save a Life,The Fray
255,9655,0,Superfreak,Rick James
256,21217,0,Ghosts That We Knew,Mumford & Sons
257,454776,0,Duality,Slipknot
258,8658,0,Want to Want Me,Jason Derulo
259,3553,0,Loyal,Chris Brown
260,61723,0,Heart Like Yours,Willamette Stone
261,16036,0,Drop It Like It's Hot,Snoop Dogg
262,9655,0,Rock That Body,The Black Eyed Peas
263,9655,1,DJ Got Us Fallin' In Love,Usher
264,61723,0,What Hurts The Most,Rascal Flatts
265,86626,0,Earth Angel,The Penguins
266,21217,0,If I Ain't Got You,Alicia Keys
267,2466,0,Clouds Over California,DevilDriver
268,3553,0,Show Me,Kid Ink
269,2466,0,Fixation On The Darkness,Killswitch Engage
270,9655,0,U Can't Touch This,MC Hammer
271,86626,0,Tell It Like It Is,Aaron Neville
272,44631,0,If I Ain't Got You,Alicia Keys
273,27101,0,The Wilhelm Scream,James Blake
274,67781,0,Kissing in Cars (Bonus Track),Pierce The Veil
275,61723,0,Keep Breathing,Ingrid Michaelson
276,317182,0,Gimme The Mic,Limp Bizkit
277,130767,0,Won't Look Back,Duke Dumont
278,61723,0,I Hope You Dance,Lee Ann Womack
279,213226,0,6 Foot 7 Foot,Lil Wayne
280,16036,0,"So Fresh, So Clean",OutKast
281,176336,0,Black,Sevendust
282,86626,0,Bye Bye Love,The Everly Brothers
283,51818,0,Chamber Of Reflection,Mac Demarco
284,86626,0,These Arms Of Mine,Otis Redding
285,3553,0,What Do You Mean?,Justin Bieber
286,454776,0,Closer,Nine Inch Nails
287,16036,0,If You Wanna,The Vaccines
288,3553,0,Back To The Crib,Juelz Santana
289,44631,0,Skyscraper,Demi Lovato
290,3553,0,Space Jam,Audio Push
291,16036,0,Seasons (Waiting On You),Future Islands
292,8658,0,Time of Our Lives,Pitbull
293,2466,0,Antihero,God Forbid
294,454776,0,Enter Sandman,Metallica
295,863720,0,Purple Pills,D12
296,51818,0,My Kind Of Woman,Mac Demarco
297,863720,0,Opposite Of Adults,Chiddy Bang
298,176336,0,Breathe Into Me,Red
299,3553,0,Touchdown,O.T. Genasis
300,86626,0,Running Scared,Roy Orbison
301,3553,0,I'm the One,DJ Khaled
302,3553,1,The Fix (feat,Nelly
303,8570,0,I Get The Bag (feat,Gucci Mane
304,176336,0,The Girl Who Loved The Monsters,Rob Zombie
305,44631,0,A Thousand Years,Christina Perri
306,3553,0,Dope,Tyga
307,3553,1,Jumpman,Drake
308,27101,0,Nikes,Frank Ocean
309,16036,0,Lisztomania,Phoenix
310,23544,0,Skinny Love,Bon Iver
311,44631,0,The Heart Wants What It Wants,Selena Gomez
312,44631,1,Beneath Your Beautiful,Labrinth
313,44631,2,Love The Way You Lie,Eminem
314,3553,0,Ride Like That,Travis Porter
315,9655,0,Suavemente,Elvis Crespo
316,357827,0,Under The Knife,Rise Against
317,10572,0,I Feel It Coming,The Weeknd
318,3553,0,No Mediocre,T.I.
319,86626,0,Love Is Here And Now You're Gone,The Supremes
320,86626,1,"Someday, Someway",The Marvelettes
321,863720,0,Bandz A Make Her Dance,Juicy J
322,2100,0,Sorry,Justin Bieber
323,8658,0,Always On Time,Ja Rule
324,3553,0,Right Above It,Lil Wayne
325,130767,0,Generationwhy,ZHU
326,44631,0,Lighters,Bad Meets Evil
327,16036,0,Yeah!,Usher
328,6721,0,Love Yourself,Justin Bieber
329,6721,1,Love Will Remember,Selena Gomez
330,357827,0,Break Stuff,Limp Bizkit
331,130767,0,Outside,Calvin Harris
332,3553,0,Donald Trump,Mac Miller
333,67781,0,Pieces,Sum 41
334,863720,0,Black,Pearl Jam
335,3553,0,You And Your Friends (feat,Wiz Khalifa
336,2100,0,The Way I Are,Timbaland
337,67781,0,A Trophy Fathers Trophy Son,Sleeping With Sirens
338,67781,1,I Will Follow You Into The Dark,Death Cab for Cutie
339,67781,2,Drown,Front Porch Step
340,24143,0,Just A Fool,Christina Aguilera
341,3553,0,Starboy,The Weeknd
342,86626,0,Who Do You Love,The Sapphires
343,67781,0,1979,The Smashing Pumpkins
344,454776,0,Bodies,Drowning Pool
345,3553,0,Stitches,Shawn Mendes
346,8570,0,Back To Back,Drake
347,9655,0,I Know You Want Me (Calle Ocho),Pitbull
348,2466,0,The Venom Inside,Chimaira
349,10224,0,El Chapo Jr,2 Chainz
350,213226,0,Secrets Don't Make Friends,From First To Last
351,213226,1,A-Punk,Vampire Weekend
352,863720,0,2 Reasons (feat,Trey Songz
353,130767,0,Cocaine Model,ZHU
354,67781,0,Afraid,The Neighbourhood
355,27101,0,33 “GOD”,Bon Iver
356,3529,0,Exchange,Bryson Tiller
357,863720,0,Who Dat,J. Cole
358,2466,0,Down From The Sky,Trivium
359,2466,1,Throes Of Perdition,Trivium
360,46146,0,A Trophy Fathers Trophy Son,Sleeping With Sirens
361,3553,0,Main Chick,Kid Ink
362,3553,1,Closer,The Chainsmokers
363,67781,0,Girls Girls Boys,Panic! At The Disco
364,46146,0,Scene One - James Dean & Audrey Hepburn,Sleeping With Sirens
365,16036,0,I Want You Back,The Jackson 5
366,21217,0,The Way I Am,Ingrid Michaelson
367,86626,0,In The Rain,The Dramatics
368,8658,0,Young,Kenny Chesney
369,67781,0,Brother,Gerard Way
370,98451,0,Love Can Go to Hell,Brandy Clark
371,8570,0,HUMBLE,Kendrick Lamar
372,9655,0,Mr,Alexandra Stan
373,21217,0,Make You Feel My Love,Adele
374,86626,0,Another Saturday Night,Sam Cooke
375,8658,0,Party,Beyoncé
376,16036,0,Gold Digger,Kanye West
377,3529,0,Why,Roy Woods
378,67781,0,The Pantaloon,Twenty One Pilots
379,27101,0,Faucet,Earl Sweatshirt
380,176336,0,Jumpdafuckup,Soulfly
381,2100,0,Yeah!,Usher
382,3553,0,Hold You Down,DJ Khaled
383,3529,0,The Palisades,Childish Gambino
384,8570,0,Don't,Bryson Tiller
385,2466,0,This Calling,All That Remains
386,16036,0,Diane Young,Vampire Weekend
387,27101,0,Grief,Earl Sweatshirt
388,66889,0,And So It Goes,Billy Joel
389,16036,0,All For You,Janet Jackson
390,86626,0,Tears On My Pillow,Little Anthony & The Imperials
391,27101,0,Safer,Animal Collective
392,44631,0,Burn,Andra Day
393,454776,0,Misery Business,Paramore
394,454776,1,Twist,Korn
395,23544,0,Pieces (Hushed),Andrew Belle
396,176336,0,Looking Down The Barrel Of Today,Hatebreed
397,176336,1,The Death & Resurrection Show,Killing Joke
398,2466,0,Love Lost In A Hale Of Gunfire,Bleeding Through
399,3553,0,We Dem Boyz,Wiz Khalifa
400,22628,0,Where Have You Been,Rihanna
401,3529,0,Small Talk,Majid Jordan
402,44631,0,If I Lose Myself,OneRepublic
403,21217,0,Melt My Heart To Stone,Adele
404,454776,0,Louie Louie,The Kingsmen
405,597121,0,Scary Monsters And Nice Sprites,Skrillex
406,8570,0,Moolah,Young Greatness
407,44631,0,Unsteady,X Ambassadors
408,8570,0,Redbone,Childish Gambino
409,176336,0,Wash it All Away,Five Finger Death Punch
410,3553,0,Moolah,Young Greatness
411,66984,0,Spectrum,Zedd
412,66889,0,Love in the Dark,Adele
413,454776,0,The Hand That Feeds,Nine Inch Nails
414,3553,0,Sorry,Justin Bieber
415,213226,0,Otis,JAY Z
416,2466,0,Annihilation By The Hands Of God,Roadrunner United
417,8570,0,That's My Best Friend,Tokyo Vanity
418,67781,0,Lying Is The Most Fun A Girl Can Have Without Taking Her Clothes Off,Panic! At The Disco
419,67781,1,Broken,Secondhand Serenade
420,67781,2,I Hate Everything About You,Three Days Grace
421,98451,0,Legendary Lovers,Katy Perry
422,2100,0,Can't Tell Me Nothing,Kanye West
423,67781,0,Creep,Radiohead
424,9655,0,Baila Esta Cumbia,Selena
425,176336,0,Ratamahatta,Sepultura
426,2466,0,The End of the World,God Forbid
427,863720,0,Rooftops (feat,Wiz Khalifa
428,357827,0,Wait And Bleed,Slipknot
429,176336,0,Ging Gang Gong De Do Gong De Laga Raga,Rob Zombie
430,3553,0,The Show Goes On,Lupe Fiasco
431,8658,0,O,Naughty By Nature
432,16036,0,When The Sun Goes Down,Arctic Monkeys
433,9655,0,Meet Me Halfway,The Black Eyed Peas
434,10400,0,Skinny Love,Birdy
435,6721,0,Good For You,Selena Gomez
436,24143,0,When You Love Someone Like That,Reba McEntire
437,6721,0,Let's Be Birds,Jacob Whitesides
438,176336,0,Aerials,System Of A Down
439,24143,0,In My Daughter's Eyes,Martina McBride
440,3553,0,Someday,Flipsyde
441,3553,1,Na Na,Trey Songz
442,176336,0,Renegades Of Funk,Rage Against The Machine
443,2100,0,POWER,Kanye West
444,176336,0,Smash the Control Machine,Otep
445,18734,0,Spectrum (Say My Name) - Calvin Harris Remix,Florence + The Machine
446,8658,0,Ex's & Oh's,Elle King
447,357827,0,Sabotage,Beastie Boys
448,61723,0,The Scientist,Coldplay
449,3553,0,Really Really,Kevin Gates
450,6721,0,California King Bed,Rihanna
451,88155,0,Turning Tables,Adele
452,86626,0,How Can You Mend a Broken Heart,Al Green
453,454776,0,96 Quite Bitter Beings,CKY
454,10400,0,All I Want,Kodaline
455,24143,0,Rolling in the Deep,Adele
456,61723,0,Thinking Out Loud,Ed Sheeran
457,9655,0,Lovumba,Daddy Yankee
458,44631,0,For the First Time,The Script
459,88155,0,Hallelujah,Jeff Buckley
460,21217,0,Breezeblocks,alt-J
461,98451,0,Thinking Out Loud,Ed Sheeran
462,2466,0,Self Medicate,Dirge Within
463,86626,0,For Your Precious Love,Garnet Mimms & The Enchanters
464,24143,0,arms,Christina Perri
465,98451,0,The One That Got Away,Katy Perry
466,98451,1,Unconditionally,Katy Perry
467,24143,0,Go Your Own Way (Glee Cast Version),Glee Cast
468,176336,0,Metalingus,Alter Bridge
469,67781,0,Famous Last Words,My Chemical Romance
470,86626,0,The Tears Of A Clown,Smokey Robinson & The Miracles
471,454776,0,Renegades Of Funk,Rage Against The Machine
472,22628,0,One Call Away (feat,Charlie Puth
473,86626,0,Cry Baby,Garnet Mimms & The Enchanters
474,16036,0,Gin And Juice (feat,Snoop Dogg
475,66889,0,It Will Rain,Bruno Mars
476,2100,0,Good Vibrations,Marky Mark And The Funky Bunch
477,3553,0,Rap God,Eminem
478,9655,0,Entrega De Amor,Los Angeles Azules
479,22628,0,So,Ed Sheeran
480,176336,0,Bleed,Meshuggah
481,24143,0,Landslide (Glee Cast Version featuring Gwyneth Paltrow),Glee Cast
482,86626,0,He Will Break Your Heart,Jerry Butler
483,317182,0,Nookie,Limp Bizkit
484,3553,0,Smile Back,Mac Miller
485,863720,0,No Lie,2 Chainz
486,16036,0,Touch The Sky,Kanye West
487,44631,0,Because of You,Kelly Clarkson
488,317182,0,Full Nelson,Limp Bizkit
489,67781,0,Training Wheels,Melanie Martinez
490,3553,0,Ass Drop,Wiz Khalifa
491,454776,0,Like a Stone,Audioslave
492,454776,1,Rooster,Alice In Chains
493,44631,0,Set Fire to the Rain,Adele
494,3529,0,Her,Majid Jordan
495,8570,0,Jugg (feat,Fetty Wap
496,86626,0,I Only Have Eyes For You,The Flamingos
497,8570,0,You Was Right,Lil Uzi Vert
498,8570,1,Too Good,Drake
499,44631,0,human,Christina Perri
500,10400,0,Time,Hans Zimmer
501,22628,0,Lego House,Ed Sheeran
502,10572,0,"So Fresh, So Clean",OutKast
503,67781,0,Hate Me,Blue October
504,24143,0,Forever And Almost Always,Kate Voegele
505,16036,0,After the Disco,Broken Bells
506,67781,0,The A Team,Ed Sheeran
507,176336,0,Are You Dead Yet,Children Of Bodom
508,176336,1,Territory,Sepultura
509,67781,0,But It's Better If You Do,Panic! At The Disco
510,24143,0,Get It Right (Glee Cast Version),Glee Cast
511,2466,0,Faith in Fire,Bleeding Through
512,2100,0,No Role Modelz,J. Cole
513,22628,0,So Sick,Ne-Yo
514,86626,0,Cathy's Clown,The Everly Brothers
515,27101,0,Always,James Blake
516,16036,0,Temperature,Sean Paul
517,27101,0,Easy Easy,King Krule
518,2466,0,The Dagger,Roadrunner United
519,67781,0,Miserable At Best,Mayday Parade
520,10572,0,Definition,Black Star
521,454776,0,Ramble On,Led Zeppelin
522,61723,0,Make You Feel My Love,Adele
523,3553,0,Fast Lane,Bad Meets Evil
524,2466,0,Zombie Autopilot,Unearth
525,61723,0,Since U Been Gone,Kelly Clarkson
526,454776,0,Falling Away from Me,Korn
527,357827,0,Doomsday,Atreyu
528,67781,0,The Ghost Of You,My Chemical Romance
529,2100,0,Started From the Bottom,Drake
530,24143,0,Wild Ones (feat,Flo Rida
531,8570,0,Bad and Boujee (feat,Migos
532,454776,0,Bullet With Butterfly Wings,The Smashing Pumpkins
533,9655,0,La Despedida,Daddy Yankee
534,67781,0,Iris,The Goo Goo Dolls
535,51818,0,Sleep Walk,Santo & Johnny
536,2100,0,Bitch Better Have My Money,Rihanna
537,44631,0,The One That Got Away,Katy Perry
538,66889,0,"My Heart Will Go On - Love Theme from ""Titanic""",Céline Dion
539,44631,0,Habits (Stay High),Tove Lo
540,23544,0,Sister,Andrew Belle
541,16036,0,The Look,Metronomy
542,88155,0,Chances,Five For Fighting
543,61723,0,Like I'm Gonna Lose You,Meghan Trainor
544,86626,0,Crying,Roy Orbison
545,2100,0,S&M,Rihanna
546,66889,0,How's It Going To Be,Third Eye Blind
547,2100,0,What Do You Mean?,Justin Bieber
548,9655,0,Livin' la Vida Loca,Ricky Martin
549,3553,0,I Choose U,Timeflies
550,6721,0,18,One Direction
551,16036,0,Come On Eileen,Dexys Midnight Runners
552,3553,0,So High (feat,Slim Thug
553,176336,0,Back From the Dead,Skillet
554,130767,0,Mi Gente,J Balvin
555,8570,0,Time (feat,Fetty Wap
556,6721,0,All of Me,Jacob Whitesides
557,27101,0,Archangel,Burial
558,454776,0,Dragula,Rob Zombie
559,67781,0,A Thousand Years,Christina Perri
560,88155,0,Make You Feel My Love,Adele
561,454776,0,More Human Than Human,White Zombie
562,21217,0,Sweater Weather,The Neighbourhood
563,8570,0,Watch Out,2 Chainz
564,21217,0,Cold Shoulder,Adele
565,6721,0,Locked Away,R. City
566,22628,0,5 Years Time,Noah And The Whale
567,2100,0,Me & U,Cassie
568,8658,0,Barefoot Blue Jean Night,Jake Owen
569,27101,0,Clash the Truth,Beach Fossils
570,88155,0,Dream,Priscilla Ahn
571,176336,0,Black Betty,Soil
572,10224,0,Come Get Her,Rae Sremmurd
573,357827,0,Testify,Rage Against The Machine
574,2100,0,Love Myself,Hailee Steinfeld
575,86626,0,Oh! Carol,Neil Sedaka
576,23544,0,Black Bear,Andrew Belle
577,61723,0,Cinderella,Steven Curtis Chapman
578,357827,0,Still Waiting,Sum 41
579,67781,0,Stockholm Syndrome,One Direction
580,88155,0,You And Me,Lifehouse
581,9655,0,Jailhouse Rock,Elvis Presley
582,44631,0,The Thrill Is Gone,B.B. King
583,9655,0,La Chona,Los Tucanes De Tijuana
584,3553,0,Hate Bein' Sober,Chief Keef
585,3553,1,We Don't Talk Anymore (feat,Charlie Puth
586,88155,0,My Wish,Rascal Flatts
587,86626,0,"Baby, I Love You",The Ronettes
588,86626,1,Memories,Leonard Cohen
589,44631,0,Little Things,One Direction
590,23544,0,Dark Matter,Andrew Belle
591,67781,0,"People Like Me, We Just Don't Play",Emarosa
592,2466,0,Goodbye To Death,Bleeding Through
593,454776,0,Holy Diver,Killswitch Engage
594,454776,1,Epic,Faith No More
595,8570,0,A Tale of 2 Citiez,J. Cole
596,863720,0,Shots,LMFAO
597,176336,0,This Is The New Shit,Marilyn Manson
598,67781,0,"Stay Close, Don't Go",Secondhand Serenade
599,176336,0,Thank You,Sevendust
600,44631,0,Back To Black,Amy Winehouse
601,61723,0,I Won't Give Up,Jason Mraz
602,10224,0,No Limit,Usher
603,2100,0,Guilty Pleasure,Cobra Starship
604,27101,0,Penny Dreadfuls,Animal Collective
605,454776,0,Creep,Radiohead
606,2100,0,Be Right There,Diplo
607,176336,0,Dig,Mudvayne
608,67781,0,Bullet,Hollywood Undead
609,2466,0,Hey Mister,Miss May I
610,130767,0,In My Room (feat,Yellow Claw
611,67781,0,Scene One - James Dean & Audrey Hepburn,Sleeping With Sirens
612,176336,0,The End of Heartache,Killswitch Engage
613,3553,0,Moment Of Clarity,JAY Z
614,44631,0,Battle Scars,Lupe Fiasco
615,67781,0,Mad Hatter,Melanie Martinez
616,44631,0,History,One Direction
617,66984,0,Fall In Love,Phantogram
618,10224,0,Froze (feat,Meek Mill
619,44631,0,Chasing Cars,Snow Patrol
620,88155,0,I'm Gonna Be (500 Miles),Sleeping At Last
621,8570,0,Famous,Kanye West
622,3553,0,Hell & Back,Kid Ink
623,454776,0,Du hast,Rammstein
624,22628,0,Let Me Love You (Until You Learn To Love Yourself),Ne-Yo
625,9655,0,La Vaca,Mala Fe
626,24143,0,Stay,Sugarland
627,2466,0,Solar Flare Homicide,Emmure
628,454776,0,Immigrant Song,Led Zeppelin
629,597121,0,Kyoto (feat,Skrillex
630,8658,0,Cheap Thrills,Sia
631,86626,0,Me And You,Brenton Wood
632,6721,0,I Want to Write You a Song,One Direction
633,9655,0,Treasure,Bruno Mars
634,86626,0,Crying In The Rain,The Everly Brothers
635,24143,0,A Thousand Years,Christina Perri
636,10572,0,Take Care,Drake
637,18734,0,Cheap Thrills,Sia
638,61723,0,Can't Help Falling in Love,Elvis Presley
639,24143,0,Somewhere Only We Know (Glee Cast Version),Glee Cast
640,8570,0,Handsome And Wealthy,Migos
641,67781,0,"i hate u, i love u (feat",gnash
642,597121,0,Adrenaline,Zeds Dead
643,130767,0,This Is What You Came For,Calvin Harris
644,86626,0,Remember Then,The Earls
645,27101,0,Chocolate Girl,Animal Collective
646,67781,0,Misery Business,Paramore
647,10572,0,Doo Wop (That Thing),Ms. Lauryn Hill
648,2100,0,Dirty Talk,Wynter Gordon
649,8570,0,Both (feat,Gucci Mane
650,317182,0,Figure,Linkin Park
651,357827,0,I Stand Alone,Godsmack
652,21217,0,Somewhere Only We Know (Glee Cast Version),Glee Cast
653,16036,0,A-Punk,Vampire Weekend
654,454776,0,Last Resort,Papa Roach
655,44631,0,Hall of Fame,The Script
656,46146,0,"If I'm James Dean, You're Audrey Hepburn",Sleeping With Sirens
657,86626,0,What Becomes Of The Brokenhearted,Jimmy Ruffin
658,67781,0,"Tag, you're it",Melanie Martinez
659,454776,0,Purple Haze,Jimi Hendrix
660,2466,0,Confession,Dirge Within
661,454776,0,The Red,Chevelle
662,8658,0,Headlines,Drake
663,3553,0,Snap Backs & Tattoos,Driicky Graham
664,2466,0,I,Miss May I
665,18734,0,Lay It All On Me (feat,Rudimental
666,16036,0,Dilemma,Nelly
667,357827,0,Give It All,Rise Against
668,61723,0,Hello,Adele
669,24143,0,Soldier,Gavin DeGraw
670,3553,0,Up Down (Do This All Day),T-Pain
671,454776,0,Walk,Pantera
672,8658,0,Countdown,Beyoncé
673,23544,0,Sister (Hushed),Andrew Belle
674,46146,0,Dance Party,Sleeping With Sirens
675,2100,0,Crazy In Love,Beyoncé
676,67781,0,The Difference Between Us,Avion Roe
677,2466,0,Pull Harder On The Strings Of Your Martyr,Trivium
678,176336,0,Indestructible,Disturbed
679,67781,0,Cake,Melanie Martinez
680,3553,0,Beat It,Sean Kingston
681,3553,1,Don't,Bryson Tiller
682,67781,0,You Might Have Noticed,The Academy Is...
683,3553,0,No Type,Rae Sremmurd
684,176336,0,Sense the Fire,Engel
685,2466,0,My Will Be Done,Unearth
686,8658,0,Tongue Tied,Grouplove
687,176336,0,Big Truck,Coal Chamber
688,10572,0,Waterfalls,TLC
689,8570,0,Sorry Not Sorry,Bryson Tiller
690,176336,0,AMERIKA,Rammstein
691,21217,0,Brave,Sara Bareilles
692,2100,0,Over,Drake
693,6721,0,No Control,One Direction
694,6721,1,Sorry,Justin Bieber
695,2466,0,Sail,DevilDriver
696,86626,0,It's The Same Old Song,Four Tops
697,2100,0,Starships,Nicki Minaj
698,3553,0,Black Beatles,Rae Sremmurd
699,61723,0,Breathe Me,Sia
700,3553,0,Caroline,Aminé
701,3553,1,Red Nose,Sage The Gemini
702,8658,0,Roses,The Chainsmokers
703,44631,0,Bleeding Love,Leona Lewis
704,8570,0,Exchange,Bryson Tiller
705,10224,0,No Heart,21 Savage
706,10224,1,Money Longer,Lil Uzi Vert
707,67781,0,Monster (DotEXE Remix),Meg & Dia
708,3553,0,1-800-273-8255,Logic
709,454776,0,When Worlds Collide,Powerman 5000
710,46146,0,The Bomb Dot Com V2,Sleeping With Sirens
711,16036,0,Let It Whip,Dazz Band
712,61723,0,A Sky Full of Stars,Coldplay
713,23544,0,I Won't Fight It (Hushed),Andrew Belle
714,317182,0,Tear Away,Drowning Pool
715,44631,0,Never Be Alone,Shawn Mendes
716,44631,1,You Found Me,The Fray
717,2100,0,Danza Kuduro,Don Omar
718,8570,0,Smell Like Money,2 Chainz
719,454776,0,Someday,The Strokes
720,130767,0,I Took A Pill In Ibiza - Seeb Remix,Mike Posner
721,9655,0,Vivir Mi Vida,Marc Anthony
722,454776,0,Killing In The Name,Rage Against The Machine
723,44631,0,Purpose,Justin Bieber
724,176336,0,Weapon of Vanity,Soilwork
725,86626,0,Behind A Painted Smile,The Isley Brothers
726,9655,0,Bailando - Spanish Version,Enrique Iglesias
727,8658,0,Hands Are Clever,Alex Clare
728,317182,0,Eat You Alive,Limp Bizkit
729,213226,0,Antidote,Swedish House Mafia
730,67781,0,Jar of Hearts,Christina Perri
731,8658,0,I Wanna Get Better,Bleachers
732,16036,0,Pon de Replay,Rihanna
733,597121,0,In the Beginning,Zeds Dead
734,86626,0,All I Have To Do Is Dream,The Everly Brothers
735,21217,0,Wagon Wheel,Darius Rucker
736,9655,0,Feel This Moment,Pitbull
737,86626,0,Walkin' After Midnight,Patsy Cline
738,8658,0,Howlin' For You,The Black Keys
739,24143,0,Imagine (Glee Cast Version),Glee Cast
740,21217,0,Every Storm (Runs Out Of Rain),Gary Allan
741,16036,0,Gettin' Jiggy Wit It,Will Smith
742,2100,0,Disturbia,Rihanna
743,66889,0,Make Me (Cry),Noah Cyrus
744,176336,0,Born in Dissonance,Meshuggah
745,66889,0,Lay Me Down,Sam Smith
746,3553,0,Interlude,Lil Wayne
747,3529,0,Devil In A New Dress,Kanye West
748,21217,0,Chasing Pavements,Adele
749,24143,0,Jar of Hearts,Christina Perri
750,51818,0,Asleep - 2011 Remastered Version,The Smiths
751,8658,0,That's What I Like,Bruno Mars
752,3553,0,Strip,Chris Brown
753,3553,1,Move That Dope,Future
754,3553,2,Post To Be (feat,Omarion
755,454776,0,No One Knows,Queens of the Stone Age
756,88155,0,Never Say Never,The Fray
757,46146,0,If You Can't Hang,Sleeping With Sirens
758,61723,0,I Will Always Love You,Whitney Houston
759,130767,0,Ghost Town,Adam Lambert
760,2466,0,This Lying World,Unearth
761,317182,0,Trust?,Limp Bizkit
762,454776,0,Show Me How to Live,Audioslave
763,67781,0,Waste,Seether
764,8570,0,Figure it Out,French Montana
765,8570,1,Memo,Young Thug
766,3553,0,Wild Boy,Machine Gun Kelly
767,61723,0,A Thousand Years,Christina Perri
768,2466,0,The Enemy,Roadrunner United
769,10400,0,Move Together,James Bay
770,27101,0,10 d E A T h b R E a s T ⚄ ⚄,Bon Iver
771,3553,0,Don't Let Me Down,The Chainsmokers
772,3553,1,Bugatti,Ace Hood
773,6721,0,Ohio,Jacob Whitesides
774,3553,0,The Way Life Goes (feat,Lil Uzi Vert
775,2100,0,Party Up,DMX
776,357827,0,Be Yourself,Audioslave
777,357827,1,Bulls On Parade,Rage Against The Machine
778,357827,2,Bleed It Out,Linkin Park
779,8658,0,Swalla (feat,Jason Derulo
780,24143,0,distance,Christina Perri
781,27101,0,Ivy,Frank Ocean
782,8570,0,Feelin' It,JAY Z
783,67781,0,I Don't Care If You're Contagious,Pierce The Veil
784,24143,0,Beth (Glee Cast Version),Glee Cast
785,44631,0,Suspicious,Olivia Olson
786,44631,1,"Gone, Gone, Gone",Phillip Phillips
787,10224,0,Litty (feat,Meek Mill
788,23544,0,Flume,Bon Iver
789,10224,0,Party,Chris Brown
790,44631,0,Apologize,OneRepublic
791,22628,0,Just a Kiss,Lady Antebellum
792,357827,0,Before I Forget,Slipknot
793,16036,0,Under Cover of Darkness,The Strokes
794,3553,0,Strip That Down,Liam Payne
795,86626,0,Runaway,Del Shannon
796,9655,0,Echa Pa'lla (Manos Pa'rriba),Pitbull
797,357827,0,The Kids Aren't Alright,The Offspring
798,8570,0,Fake Love,Drake
799,16036,0,Rock Your Body,Justin Timberlake
800,67781,0,Goner,Twenty One Pilots
801,21217,0,Slow It Down,The Lumineers
802,24143,0,I Told You So,Carrie Underwood
803,61723,0,Wherever You Will Go,Charlene Soraia
804,10224,0,Bad and Boujee (feat,Migos
805,454776,0,The Beautiful People,Marilyn Manson
806,454776,1,Man in the Box,Alice In Chains
807,86626,0,Dream Lover,Dion
808,2466,0,Sabotage,Cancer Bats
809,67781,0,Cut,Plumb
810,3553,0,The Motto,Drake
811,21217,0,Stubborn Love,The Lumineers
812,86626,0,Hurt So Bad,Little Anthony & The Imperials
813,44631,0,Breakeven,The Script
814,67781,0,Disasterology,Pierce The Veil
815,2100,0,Drop,Ying Yang Twins
816,130767,0,Disarm You (feat,Kaskade
817,9655,0,And the Beat Goes On,The Whispers
818,863720,0,Headlines,Drake
819,357827,0,Smells Like Teen Spirit,Nirvana
820,3553,0,Ball (feat,T.I.
821,2466,0,Nemesis,Arch Enemy
822,9655,0,Hips Don't Lie,Shakira
823,3553,0,Perfect,Ed Sheeran
824,88155,0,Not Today,Imagine Dragons
825,3529,0,Fire & Desire,Drake
826,176336,0,The Pale King,Testament
827,23544,0,Angels,The xx
828,3553,0,I'll Show You,Justin Bieber
829,863720,0,Ride Wit Me,T.I.
830,317182,0,Drift And Die,Puddle Of Mudd
831,10224,0,Now That I Know,Rae Sremmurd
832,8658,0,New Rules,Dua Lipa
833,863720,0,Say Yeah,Wiz Khalifa
834,213226,0,Don't Tell And We Won't Ask,Thrice
835,3553,0,Bad and Boujee (feat,Migos
836,176336,0,What?,Rob Zombie
837,317182,0,Bulls On Parade,Rage Against The Machine
838,67781,0,Victorious,Panic! At The Disco
839,67781,1,If I Tremble,Front Porch Step
840,2100,0,Shake,Ying Yang Twins
841,3553,0,Back Up,DeJ Loaf
842,597121,0,Vava Voom,Bassnectar
843,67781,0,Northern Downpour,Panic! At The Disco
844,51818,0,Baby Blue,King Krule
845,61723,0,Unfaithful,Rihanna
846,16036,0,Gamma Knife,King Gizzard & The Lizard Wizard
847,10224,0,Call Casting,Migos
848,2100,0,Driving Me Crazy,Sammy Adams
849,454776,0,Suck My Kiss,Red Hot Chili Peppers
850,8570,0,Really Really,Kevin Gates
851,27101,0,So Good At Being in Trouble,Unknown Mortal Orchestra
852,3553,0,I Took A Pill In Ibiza - Seeb Remix,Mike Posner
853,2100,0,"Work Hard, Play Hard",Wiz Khalifa
854,67781,0,Like Suicide,Seether
855,2100,0,Secrets,Tiësto
856,16036,0,Classic (feat,The Knocks
857,24143,0,Fresh Pair of Eyes,Brooke Waggoner
858,46146,0,"With Ears to See, and Eyes to Hear",Sleeping With Sirens
859,213226,0,No Hands (feat,Waka Flocka Flame
860,27101,0,Cola,Toro y Moi
861,8658,0,Keep Me In Mind,Zac Brown Band
862,67781,0,Scars,Papa Roach
863,51818,0,It's hard to get around the wind,Alex Turner
864,454776,0,Nothing Else Matters,Metallica
865,9655,0,Fancy,Iggy Azalea
866,176336,0,Brotherhood of the Snake,Testament
867,130767,0,Five Hours,Deorro
868,3553,0,Dessert,Dawin
869,27101,0,Put That Away And Talk To Me,James Blake
870,3553,0,My Moment (feat,DJ Drama
871,16036,0,Dancing On My Own,Robyn
872,46146,0,Let's Cheers To This,Sleeping With Sirens
873,130767,0,Heads Will Roll,Yeah Yeah Yeahs
874,3553,0,Celebration,The Game
875,317182,0,Bodies,Drowning Pool
876,176336,0,Take This Life,In Flames
877,8570,0,Good Drank,2 Chainz
878,44631,0,Try,Colbie Caillat
879,8570,0,Rake It Up,Yo Gotti
880,3553,0,0 To 100   The Catch Up,Drake
881,3553,1,All Me,Drake
882,61723,0,Beautiful,Christina Aguilera
883,8570,0,Digits,Young Thug
884,3553,0,Switch Lanes,Tyga
885,46146,0,Scene Two - Roger Rabbit,Sleeping With Sirens
886,44631,0,Grenade,Bruno Mars
887,86626,0,The Tracks Of My Tears,Smokey Robinson & The Miracles
888,88155,0,To Build A Home,The Cinematic Orchestra
889,24143,0,The Only Promise That Remains,Reba McEntire
890,86626,0,Will You Love Me Tomorrow,The Shirelles
891,3553,0,Wild Thoughts,DJ Khaled
892,44631,0,The A Team,Ed Sheeran
893,2100,0,Promiscuous,Nelly Furtado
894,6721,0,See You Again (feat,Wiz Khalifa
895,67781,0,Tear In My Heart,Twenty One Pilots
896,16036,0,Say That,Toro y Moi
897,8658,0,Mesmerize,Ja Rule
898,357827,0,Hell Yeah,Rev Theory
899,27101,0,Untitled,Animal Collective
900,130767,0,Cold Blooded,ZHU
901,10572,0,Just the Way You Are,Bruno Mars
902,3553,0,Party,Chris Brown
903,863720,0,Beast Mode,B.o.B
904,454776,0,The Devil Strikes Again,Rage
905,863720,0,Ignition - Remix,R. Kelly
906,66889,0,When I Look At You,Miley Cyrus
907,3553,0,Man Of The Year,ScHoolboy Q
908,8658,0,Clarity,Zedd
909,86626,0,Any Day Now,Chuck Jackson
910,10400,0,Creature Fear,Bon Iver
911,454776,0,Happy?,Mudvayne
912,8570,0,Father Stretch My Hands Pt,Kanye West
913,67781,0,Terrible Things,Mayday Parade
914,2100,0,$ave Dat Money (feat,Lil Dicky
915,44631,0,When I Was Your Man,Bruno Mars
916,86626,0,Cry to Me,Solomon Burke
917,67781,0,Hell Above,Pierce The Veil
918,8570,0,All Ass,Migos
919,22628,0,You and I,Ingrid Michaelson
920,44631,0,Break Up In A Small Town,Sam Hunt
921,176336,0,Sun Doesn't Rise,Mushroomhead
922,10224,0,T-Shirt,Migos
923,61723,0,Heroes (we could be),Alesso
924,46146,0,King For A Day,Pierce The Veil
925,6721,0,Promise,Romeo Santos
926,176336,0,South Of Heaven,Slayer
927,44631,0,Miss Movin' On,Fifth Harmony
928,3553,0,Come Get Her,Rae Sremmurd
929,454776,0,Master Of Puppets,Metallica
930,597121,0,Empathy,Bassnectar
931,597121,1,We Can Make The World Stop,The Glitch Mob
932,67781,0,Lay Me Down,Sam Smith
933,8658,0,Slow Jamz,Twista
934,2466,0,Baptized In The Redemption,Roadrunner United
935,3553,0,Work from Home,Fifth Harmony
936,3553,1,Let Me Love You,DJ Snake
937,8658,0,Anna Sun,WALK THE MOON
938,3553,0,Fool's Gold,Aaron Carter
939,3553,1,Boneless,Steve Aoki
940,16036,0,Disciples,Tame Impala
941,454776,0,Testify,Rage Against The Machine
942,22628,0,Not Over You,Gavin DeGraw
943,863720,0,Danza Kuduro,Don Omar
944,8570,0,For Free,DJ Khaled
945,67781,0,King For A Day,Pierce The Veil
946,67781,1,The Show Must Go on Prt,Famous Last Words
947,8570,0,Dark Queen,Lil Uzi Vert
948,454776,0,Even Flow,Pearl Jam
949,317182,0,Boiler,Limp Bizkit
950,86626,0,Unchained Melody,The Righteous Brothers
951,61723,0,The Morning After,Meg Myers
952,61723,1,Lost Boy,Ruth B.
953,2466,0,A Gunshot To The Head Of Trepidation,Trivium
954,67781,0,Whisper To The Clouds,The High Court
955,2100,0,We Be Burnin' (Recognize It),Sean Paul
956,67781,0,Razorblades,Story Of The Year
957,24143,0,Faithfully (Glee Cast Version),Glee Cast
958,67781,0,Hello,Adele
959,8658,0,Hymn For The Weekend,Coldplay
960,3553,0,Antidote,Travis Scott
961,8570,0,Swang,Rae Sremmurd
962,16036,0,Work It,Missy Elliott
963,86626,0,Baby It's You,The Shirelles
964,2466,0,Watch It Burn,Unearth
965,98451,0,Photograph,Ed Sheeran
966,86626,0,I'd Rather Go Blind,Etta James
967,3553,0,Seven Million (feat,Lil Uzi Vert
968,176336,0,Killing In The Name,Rage Against The Machine
969,86626,0,Angel Baby,Rosie & The Originals
970,3553,0,Smoke & Retribution,Flume
971,67781,0,Lost Boy,Ruth B.
972,18734,0,I Know There's Something Going On,Frida
973,2100,0,Work Out,J. Cole
974,357827,0,Worth Dying For,Rise Against
975,67781,0,Soap,Melanie Martinez
976,67781,1,Last Resort,Papa Roach
977,23544,0,Wants What It Wants,Andrew Belle
978,454776,0,Still Into You,Paramore
979,2100,0,Big Poppa,The Notorious B.I.G.
980,44631,0,The Climb,Miley Cyrus
981,3553,0,Paris,The Chainsmokers
982,130767,0,Summer,Calvin Harris
983,454776,0,Y'all Want a Single,Korn
984,88155,0,You Raise Me Up,Josh Groban
985,2466,0,Nothing Remains,Chimaira
986,67781,0,Emperor's New Clothes,Panic! At The Disco
987,67781,1,Umbrella,All Time Low
988,10572,0,Baby I'm Yours (feat,Breakbot
989,176336,0,Royals,Otep
990,23544,0,Cadence,Fractures
991,2100,0,Headlines,Drake
992,67781,0,Hide Away,Daya
993,10400,0,Burning House,Cam
994,8570,0,Panda,Desiigner
995,61723,0,Million Reasons,Lady Gaga
996,2100,0,King Kunta,Kendrick Lamar
997,88155,0,Fix You,Coldplay
998,10572,0,Call Me Maybe,Carly Rae Jepsen
999,67781,0,Warrior,Demi Lovato
1000,27101,0,Leanworld,Yung Lean
1001,98451,0,Whiskey Lullaby,Brad Paisley
1002,2466,0,My Apocalypse,Arch Enemy
1003,176336,0,Nerve,Soilwork
1004,3553,0,In My Room (feat,Yellow Claw
1005,21217,0,She's Everything,Brad Paisley
1006,16036,0,Let's Hear It for the Boy,Deniece Williams
1007,61723,0,Feels Like Home,Edwina Hayes
1008,10400,0,Lump Sum,Bon Iver
1009,88155,0,Turning Page,Sleeping At Last
1010,130767,0,Under Control,Calvin Harris
1011,61723,0,When I Was Your Man,Bruno Mars
1012,86626,0,Nothing But A Heartache,The Flirtations
1013,67781,0,Your Call,Secondhand Serenade
1014,10572,0,Banquet,Bloc Party
1015,66889,0,You'll Be In My Heart,Phil Collins
1016,21217,0,Daydreamer,Adele
1017,6721,0,iT's YoU,ZAYN
1018,23544,0,Santa Fe,Andrew Belle
1019,130767,0,Light It Up (feat,Major Lazer
1020,44631,0,I Was Made For Loving You,Tori Kelly
1021,51818,0,European Vegas,Mac Demarco
1022,23544,0,Afire Love,Ed Sheeran
1023,22628,0,She Looks So Perfect,5 Seconds of Summer
1024,23544,0,Dark Matter (Hushed),Andrew Belle
1025,3529,0,The Morning,The Weeknd
1026,16036,0,Hotline Bling,Drake
1027,130767,0,In the Morning,ZHU
1028,3553,0,That's What I Like,Bruno Mars
1029,67781,0,When She Cries,Britt Nicole
1030,3553,0,Open Wide,Calvin Harris
1031,16036,0,What's Going On,Marvin Gaye
1032,61723,0,Skyscraper,Demi Lovato
1033,357827,0,So What'Cha Want,Beastie Boys
1034,51818,0,salvia plath,Teen Suicide
1035,10572,0,Domino,Jessie J
1036,2100,0,0 To 100   The Catch Up,Drake
1037,8658,0,Cheers (Drink To That),Rihanna
1038,22628,0,When I Was Your Man,Bruno Mars
1039,863720,0,Look At Me Now,Chris Brown
1040,2466,0,My Curse,Killswitch Engage
1041,3553,0,Shut Up and Dance,WALK THE MOON
1042,2100,0,Shake It,Metro Station
1043,454776,0,All Along the Watchtower,Jimi Hendrix
1044,67781,0,Dollhouse,Melanie Martinez
1045,454776,0,Cochise,Audioslave
1046,357827,0,Over My Head (Better Off Dead),Sum 41
1047,3553,0,No Problem (feat,Chance The Rapper
1048,3553,1,Be Real,Kid Ink
1049,3553,2,POWER,Kanye West
1050,21217,0,Wing$,Macklemore & Ryan Lewis
1051,2466,0,To The Threshold,Hatebreed
1052,86626,0,Bring It On Home To Me,Sam Cooke
1053,67781,0,Pacify Her,Melanie Martinez
1054,21217,0,Easy,Rascal Flatts
1055,2466,0,Through Struggle,As I Lay Dying
1056,44631,0,Sorry,Halsey
1057,176336,0,Battle Ready,Otep
1058,61723,0,Crazy in Love,Sofia Karlberg
1059,24143,0,Falling Slowly,Glen Hansard
1060,24143,1,This I Swear,Nick Lachey
1061,61723,0,Because of You,Kelly Clarkson
1062,863720,0,Taboo,Don Omar
1063,16036,0,ABC,The Jackson 5
1064,3553,0,Cut It (feat,O.T. Genasis
1065,213226,0,Thrift Shop (feat,Macklemore & Ryan Lewis
1066,3553,0,Unforgettable,French Montana
1067,67781,0,Heroes (we could be),Alesso
1068,67781,1,Yeah Boy and Doll Face,Pierce The Veil
1069,27101,0,Cuckoo Cuckoo,Animal Collective
1070,98451,0,I Don't Wanna See You with Her,Maria Mena
1071,2100,0,Maneater,Nelly Furtado
1072,22628,0,Talking To The Moon,Bruno Mars
1073,10224,0,Good Drank,2 Chainz
1074,10572,0,Back To Black,Amy Winehouse
1075,863720,0,No Worries,Lil Wayne
1076,10572,0,24K Magic,Bruno Mars
1077,8570,0,Sex With Me,Rihanna
1078,8658,0,Jealous (I Ain't With It),Chromeo
1079,454776,0,Bad Company,Five Finger Death Punch
1080,2466,0,Chiron,All That Remains
1081,16036,0,Gronlandic Edit,of Montreal
1082,16036,1,Always Something There to Remind Me,Naked Eyes
1083,23544,0,Blood Bank,Bon Iver
1084,863720,0,Bonfire,Childish Gambino
1085,44631,0,I Need A Doctor,Dr. Dre
1086,86626,0,In The Still of the Night,The Five Satins
1087,16036,0,Since I Left You,The Avalanches
1088,27101,0,Rusty,"Tyler, The Creator"
1089,176336,0,In The Dark,3 Doors Down
1090,8658,0,Something Just Like This,The Chainsmokers
1091,10224,0,Poetic Justice,Kendrick Lamar
1092,6721,0,Perfect,One Direction
1093,86626,0,Every Little Bit Hurts,Brenda Holloway
1094,863720,0,Paperbond,Wiz Khalifa
1095,8658,0,Closer,The Chainsmokers
1096,44631,0,Photograph,Ed Sheeran
1097,22628,0,Someone Like You,Adele
1098,21217,0,How,Regina Spektor
1099,16036,0,Sprawl II (Mountains Beyond Mountains),Arcade Fire
1100,86626,0,Maybe Baby,The Crickets
1101,9655,0,Danza Kuduro,Don Omar
1102,86626,0,Goodbye Baby (Baby Goodbye),Solomon Burke
1103,67781,0,Damage,Fit For Rivals
1104,2466,0,Resurrection,Chimaira
1105,3529,0,Tell Your Friends,The Weeknd
1106,86626,0,All of Me,Billie Holiday
1107,67781,0,Tyrants,Catfish and the Bottlemen
1108,67781,1,Bulls In The Bronx,Pierce The Veil
1109,454776,0,Ace of Spades,Motörhead
1110,863720,0,Still Tippin' (feat,Mike Jones
1111,3553,0,Don't Wanna Know (feat,Maroon 5
1112,23544,0,Wants What It Wants (Hushed),Andrew Belle
1113,863720,0,24's,T.I.
1114,176336,0,Still Alive,3 Doors Down
1115,10224,0,Wyclef Jean,Young Thug
1116,27101,0,The Noose of Jah City,King Krule
1117,10224,0,Used to This,Future
1118,46146,0,The Left Side of Everywhere,Sleeping With Sirens
1119,8658,0,Temperature,Sean Paul
1120,176336,0,The Beautiful People,Marilyn Manson
1121,67781,0,Invisible,Skylar Grey
1122,23544,0,Calgary,Bon Iver
1123,8570,0,One Night,Lil Yachty
1124,44631,0,Doin' Fine,Lauren Alaina
1125,44631,1,Fix You,Coldplay
1126,61723,0,Stay With Me,Sam Smith
1127,2100,0,Need A Boss,Shareefa
1128,67781,0,Island of the Misfit Boy,Front Porch Step
1129,3553,0,All The Way Up (Remix),Fat Joe
1130,863720,0,Stronger,Kanye West
1131,317182,0,Break Stuff,Limp Bizkit
1132,3553,0,Bounce,Logic
1133,67781,0,Words,Skylar Grey
1134,86626,0,"Baby, I'm For Real",The Originals
1135,317182,0,Killing In The Name,Rage Against The Machine
1136,863720,0,White Tee,Dem Franchize Boyz
1137,86626,0,You'll Lose A Good Thing,Barbara Lynn
1138,9655,0,Uptown Funk,Mark Ronson
1139,176336,0,Amen,Halestorm
1140,27101,0,"John Wayne Gacy, Jr",Sufjan Stevens
1141,16036,0,Wanna Be Startin' Somethin',Michael Jackson
1142,176336,0,Stabbing The Drama,Soilwork
1143,3553,0,Ayo,Chris Brown
1144,8658,0,I'm the One,DJ Khaled
1145,10572,0,Pony,Ginuwine
1146,3553,0,Wicked,Future
1147,130767,0,Clarity,Zedd
1148,2466,0,I Am Legend Out for Blood,Arch Enemy
1149,863720,0,Faded,Tyga
1150,2100,0,Homecoming,Kanye West
1151,3553,0,Paradise,Big Sean
1152,357827,0,Wish You Were Here,Incubus
1153,23544,0,Holocene,Bon Iver
1154,67781,0,Mrs,Melanie Martinez
1155,88155,0,I've Told You Now,Sam Smith
1156,22628,0,The Only Exception,Paramore
1157,67781,0,Tentacles,Ghost Town
1158,454776,0,Bulls On Parade,Rage Against The Machine
1159,3529,0,Summers Over Interlude,Drake
1160,88155,0,Broken,Lifehouse
1161,3553,0,Faded,Tyga
1162,454776,0,Welcome To The Jungle,Guns N' Roses
1163,46146,0,You Kill Me (In a Good Way),Sleeping With Sirens
1164,454776,0,Down With the Sickness,Disturbed
1165,6721,0,Replay,Zendaya
1166,3553,0,PILLOWTALK,ZAYN
1167,357827,0,The Outsider,A Perfect Circle
1168,357827,1,Pardon Me,Incubus
1169,597121,0,Animus Vox,The Glitch Mob
1170,3553,0,Wall To Wall,Chris Brown
1171,21217,0,When I Was Your Man,Bruno Mars
1172,2100,0,Just A Lil Bit,50 Cent
1173,24143,0,Good To You,Marianas Trench
1174,3553,0,Panda,Desiigner
1175,67781,0,I Won't Give Up,Jason Mraz
1176,67781,1,Overdose,Alessia Cara
1177,86626,0,Shake Some Action,Flamin' Groovies
1178,67781,0,Disenchanted,My Chemical Romance
1179,67781,1,Straightjacket Feeling,The All-American Rejects
1180,86626,0,Baby I Need Your Loving,Four Tops
1181,176336,0,Let It All Bleed Out,Rob Zombie
1182,863720,0,I Love College,Asher Roth
1183,86626,0,Dedicated to the One I Love,The Shirelles
1184,8658,0,Mr,Counting Crows
1185,9655,0,Yo No Fui,Pedro Fernández
1186,10224,0,No Type,Rae Sremmurd
1187,44631,0,Turning Tables,Adele
1188,3553,0,Marvin & Chardonnay,Big Sean
1189,16036,0,Promiscuous,Nelly Furtado
1190,8570,0,Know Yourself,Drake
1191,46146,0,Scene Three - Stomach Tied In Knots,Sleeping With Sirens
1192,863720,0,Yuck!,2 Chainz
1193,8570,0,Sweet Life,Jeezy
1194,357827,0,Self Esteem,The Offspring
1195,44631,0,The Weight,Shawn Mendes
1196,9655,0,Conga,Miami Sound Machine
1197,2100,0,Lollipop,Lil Wayne
1198,9655,0,La Vida Es Un Carnaval,Celia Cruz
1199,130767,0,Wake Up Alone,The Chainsmokers
1200,9655,0,Get Lucky - Radio Edit,Daft Punk
1201,18734,0,"CAN'T STOP THE FEELING! (Original Song from DreamWorks Animation's ""TROLLS"")",Justin Timberlake
1202,130767,0,Blame,Calvin Harris
1203,176336,0,The Collapse,Adelitas Way
1204,44631,0,Where Is The Love?,The Black Eyed Peas
1205,176336,0,Rock Is Dead,Marilyn Manson
1206,2466,0,The Faded Line,Lamb of God
1207,357827,0,When Two Are One,Atreyu
1208,6721,0,Photograph,Ed Sheeran
1209,88155,0,Better in Time,Leona Lewis
1210,67781,0,Helena,My Chemical Romance
1211,597121,0,Got 2 Know,Flux Pavilion
1212,44631,0,Make You Feel My Love,Adele
1213,88155,0,Chasing Pavements,Adele
1214,8570,0,One Dance,Drake
1215,176336,0,Not Today,Sevendust
1216,22628,0,All of Me,John Legend
1217,176336,0,Laid to Rest,Lamb of God
1218,61723,0,Lay Me Down,Sam Smith
1219,44631,0,It Will Rain,Bruno Mars
1220,130767,0,Places,Martin Solveig
1221,357827,0,Savior,Rise Against
1222,61723,0,Lighters,Bad Meets Evil
1223,67781,0,Little Do You Know,Alex & Sierra
1224,16036,0,Hips Don't Lie,Shakira
1225,22628,0,I'm Yours,Jason Mraz
1226,86626,0,You've Lost That Lovin' Feelin',The Righteous Brothers
1227,130767,0,The Giver (Reprise),Duke Dumont
1228,18734,0,Don't Let Me Down,The Chainsmokers
1229,10400,0,Dancing On My Own,Calum Scott
1230,10400,1,Let It Go,James Bay
1231,8570,0,Wyclef Jean,Young Thug
1232,10572,0,Stand By Me,Otis Redding
1233,86626,0,Goin' Out Of My Head,Little Anthony & The Imperials
1234,10224,0,Don't You,Sage The Gemini
1235,8570,0,Cut It (feat,O.T. Genasis
1236,2100,0,Rock Your Body,Justin Timberlake
1237,18734,0,Gold (feat,Kiiara
1238,176336,0,Testify,Rage Against The Machine
1239,67781,0,Leave Out All The Rest,Linkin Park
1240,27101,0,I Never Learnt To Share,James Blake
1241,3553,0,Body Language,Kid Ink
1242,16036,0,Vogue,Madonna
1243,86626,0,Lovers Who Wander,Dion
1244,61723,0,One Last Time,Ariana Grande
1245,317182,0,Nobody's Listening,Linkin Park
1246,88155,0,The Scientist,Coldplay
1247,176336,0,Something New,Rev Theory
1248,46146,0,Four Corners and Two Sides,Sleeping With Sirens
1249,67781,0,Love Yourself,Justin Bieber
1250,357827,0,Passive,A Perfect Circle
1251,130767,0,Boneless,Steve Aoki
1252,67781,0,The Divine Zero,Pierce The Veil
1253,46146,0,All My Heart,Sleeping With Sirens
1254,2466,0,Life To Lifeless,Killswitch Engage
1255,67781,0,Welcome To My Life,Simple Plan
1256,2100,0,Swimming Pools (Drank),Kendrick Lamar
1257,51818,0,Glass in the park,Alex Turner
1258,357827,0,The Hell Song,Sum 41
1259,8658,0,Get Busy,Sean Paul
1260,454776,0,(Rock) Superstar,Cypress Hill
1261,44631,0,River Of Tears,Alessia Cara
1262,44631,1,All I Want,Kodaline
1263,8658,0,Get Drunk And Be Somebody,Toby Keith
1264,67781,0,The Only Hope For Me Is You,My Chemical Romance
1265,3553,0,Trophies,Young Money
1266,3553,1,No Interruption,Hoodie Allen
1267,8570,0,Bodak Yellow,Cardi B
1268,597121,0,Disparate Youth,Santigold
1269,61723,0,Hands of Time,Rachel Diggs
1270,44631,0,A Little Too Much,Shawn Mendes
1271,86626,0,My Prayer,The Platters
1272,3553,0,Late Night (feat,Trey Songz
1273,22628,0,Try,Colbie Caillat
1274,8658,0,Wagon Wheel,Darius Rucker
1275,3529,0,Her Way,PARTYNEXTDOOR
1276,67781,0,Fall For You,Secondhand Serenade
1277,22628,0,Love Somebody,Maroon 5
1278,24143,0,Candy,Gavin DeGraw
1279,2575,0,Around The World,Natalie La Rose
1280,10400,0,Flume,Bon Iver
1281,10400,1,Incomplete,James Bay
1282,27101,0,Chamber Of Reflection,Mac Demarco
1283,176336,0,I Worship Chaos,Children Of Bodom
1284,454776,0,Right Now,Korn
1285,2100,0,Low (feat T-Pain) - Feat T-Pain Album Version,Flo Rida
1286,454776,0,Last Nite,The Strokes
1287,10224,0,White Iverson,Post Malone
1288,66889,0,Already Gone,Kelly Clarkson
1289,2466,0,Black Hearts Now Reign,Unearth
1290,9655,0,Locked Out Of Heaven,Bruno Mars
1291,454776,0,Reptilia,The Strokes
1292,16036,0,One More Time,Daft Punk
1293,2100,0,679 (feat,Fetty Wap
1294,21217,0,Crazy For You,Adele
1295,3553,0,In Your Arms,Nico & Vinz
1296,863720,0,Confident,Justin Bieber
1297,454776,0,Creep,Stone Temple Pilots
1298,23544,0,Pieces,Andrew Belle
1299,9655,0,Todo Me Gusta De Ti,Aaron Y Su Grupo Ilusion
1300,2100,0,Right Hand,Drake
1301,44631,0,I'm Not The Only One,Sam Smith
1302,44631,1,Say Something,A Great Big World
1303,61723,0,Prometiste,Pepe Aguilar
1304,67781,0,Caraphernelia,Pierce The Veil
1305,67781,1,So Alone,Anna Blue
1306,61723,0,Love Me Harder,Ariana Grande
1307,67781,0,Lane Boy,Twenty One Pilots
1308,46146,0,Postcards and Polaroids,Sleeping With Sirens
1309,44631,0,Island,Florida Georgia Line
1310,863720,0,Rack City,Tyga
1311,9655,0,Fire Burning,Sean Kingston
1312,863720,0,"Work Hard, Play Hard",Wiz Khalifa
1313,67781,0,Cry Baby,Melanie Martinez
1314,86626,0,Be My Baby,The Ronettes
1315,88155,0,Let It Go,James Bay
1316,3553,0,Overload,Life of Dillon
1317,27101,0,I Need A Forest Fire,James Blake
1318,8658,0,The Motto,Drake
1319,176336,0,House Of The Rising Sun,Five Finger Death Punch
1320,24143,0,You Can't Break A Broken Heart,Kate Voegele
1321,27101,0,Spirit They've Vanished,Animal Collective
1322,16036,0,Cousins,Vampire Weekend
1323,3553,0,Promise,Kid Ink
1324,3553,1,Roll It Up,The Crystal Method
1325,61723,0,Dream,Priscilla Ahn
1326,10572,0,No Diggity,Blackstreet
1327,597121,0,Bangarang (feat,Skrillex
1328,2100,0,Drunk in Love,Beyoncé
1329,44631,0,I Won't Give Up,Jason Mraz
1330,67781,0,Why,Secondhand Serenade
1331,9655,0,El Mar de Sus Ojos,Carlos Vives
1332,21217,0,My Special Angel,Bobby Helms
1333,61723,0,Let Her Go,Passenger
1334,9655,0,Techno Cumbia,Selena
1335,3553,0,See You Again (feat,Wiz Khalifa
1336,98451,0,Because of You,Kelly Clarkson
1337,88155,0,A Drop In The Ocean,Ron Pope
1338,10400,0,Skinny Love,Bon Iver
1339,67781,0,Trouble,Never Shout Never
1340,46146,0,Fire,Sleeping With Sirens
1341,3553,0,I Don't Mind,Usher
1342,88155,0,Can't Help Falling in Love,Haley Reinhart
1343,357827,0,Prayer Of The Refugee,Rise Against
1344,67781,0,Sippy Cup,Melanie Martinez
1345,176336,0,Bulls On Parade,Rage Against The Machine
1346,10224,0,No Problem (feat,Chance The Rapper
1347,8658,0,We Can't Stop,Miley Cyrus
1348,8570,0,Wake Up,Fetty Wap
1349,8570,1,Lay It Down,Lil Wayne
1350,51818,0,Space Song,Beach House
1351,66889,0,Drops of Jupiter,Train
1352,10224,0,beibs in the trap,Travis Scott
1353,67781,0,Watch Me Bleed,Scary Kids Scaring Kids
1354,176336,0,Ace of Spades,Motörhead
1355,8570,0,No Heart,21 Savage
1356,176336,0,Thunder Kiss '65,White Zombie
1357,3553,0,Once In a While,Timeflies
1358,597121,0,Gebrünn Gebrünn,Paul Kalkbrenner
1359,67781,0,Car Radio,Twenty One Pilots
1360,176336,0,Ich will,Rammstein
1361,8570,0,Running Back (feat,Wale
1362,88155,0,Oceans (Where Feet May Fail),Hillsong United
1363,3553,0,Shape of You,Ed Sheeran
1364,176336,0,Hangman,Rev Theory
1365,44631,0,All I Ask,Adele
1366,86626,0,A Change Is Gonna Come,Sam Cooke
1367,454776,0,Sympathy For The Devil,The Rolling Stones
1368,61723,0,Stone Cold,Demi Lovato
1369,98451,0,No Air,Jordin Sparks
1370,10224,0,Congratulations,Post Malone
1371,8658,0,I Want You Back,The Jackson 5
1372,454776,0,Bat Country,Avenged Sevenfold
1373,21217,0,Georgia On My Mind,Michael Bublé
1374,88155,0,Rise Up,Andra Day
1375,44631,0,Night Changes,One Direction
1376,10572,0,Forget It,Blood Orange
1377,22628,0,Still Into You,Paramore
1378,176336,0,Enemy,Sevendust
1379,86626,0,The Whole Town's Laughing at Me,Teddy Pendergrass
1380,2100,0,Candy Shop,50 Cent
1381,3553,0,Movie,Mike Stud
1382,357827,0,Scars,Papa Roach
1383,130767,0,Sweet Nothing,Calvin Harris
1384,176336,0,Call Of The Zombie,Rob Zombie
1385,21217,0,Goodbye In Her Eyes,Zac Brown Band
1386,98451,0,Little Toy Guns,Carrie Underwood
1387,67781,0,Alphabet Boy,Melanie Martinez
1388,51818,0,Stuck on the puzzle,Alex Turner
1389,130767,0,Bend Ova,Lil Jon
1390,454776,0,Jerry Was A Race Car Driver,Primus
1391,16036,0,Dancing Queen,ABBA
1392,24143,0,Fly Away,The Cheetah Girls
1393,176336,0,Back To The Primitive,Soulfly
1394,44631,0,When You're Gone,Avril Lavigne
1395,357827,0,Fat Lip,Sum 41
1396,3553,0,Roses,The Chainsmokers
1397,8570,0,Bentley Truck,2 Chainz
1398,3553,0,We Own It (Fast & Furious),2 Chainz
1399,21217,0,Highway Don't Care,Tim McGraw
1400,2466,0,Relentless Chaos,Miss May I
1401,8658,0,Int'l Players Anthem (I Choose You),UGK
1402,67781,0,Sweet Nothing,Calvin Harris
1403,10224,0,Too Young,Post Malone
1404,86626,0,Try Me,James Brown
1405,67781,0,Stay Away From My Friends,Pierce The Veil
1406,6721,0,Take Your Time,Sam Hunt
1407,67781,0,Chemical Kids and Mechanical Brides,Pierce The Veil
1408,3553,0,Say Yeah,Wiz Khalifa
1409,22628,0,Treasure,Bruno Mars
1410,9655,0,Macarena,Los Del Rio
1411,454776,0,I Am the Highway,Audioslave
1412,357827,0,Killing In The Name,Rage Against The Machine
1413,8570,0,Big Amount,2 Chainz
1414,8570,1,Mask Off,Future
1415,454776,0,Interstate Love Song,Stone Temple Pilots
1416,3553,0,I Don't Fuck With You,Big Sean
1417,3553,1,Take It To The Head,DJ Khaled
1418,27101,0,Fireworks,Animal Collective
1419,454776,0,Guerrilla Radio,Rage Against The Machine
1420,98451,0,"i hate u, i love u (feat",gnash
1421,23544,0,Perth,Bon Iver
1422,21217,0,Colder Weather,Zac Brown Band
1423,863720,0,"Young, Wild & Free (feat",Snoop Dogg
1424,10400,0,Need The Sun To Break,James Bay
1425,10400,1,Team,Bon Iver
1426,2100,0,Memories (feat,David Guetta
1427,863720,0,No Matter What,T.I.
1428,67781,0,Bulimic,The Used
1429,176336,0,Halo,Soil
1430,454776,0,Whole Lotta Love,Led Zeppelin
1431,67781,0,My Disaster,Seether
1432,3553,0,Anything U Want (feat,Sevyn Streeter
1433,44631,0,Uncover,Zara Larsson
1434,46146,0,Let Love Bleed Red,Sleeping With Sirens
1435,176336,0,I Get Off,Halestorm
1436,8658,0,Oh,Ciara
1437,61723,0,Say Something,A Great Big World
1438,176336,0,I Am The Fire,Halestorm
1439,176336,1,Got The Time,Anthrax
1440,67781,0,Coming Home,Diddy - Dirty Money
1441,2100,0,Stronger,Kanye West
1442,3553,0,My Way (feat,Fetty Wap
1443,130767,0,Around The World,Daft Punk
1444,10325,0,Loud,Mac Miller
1445,317182,0,Guerrilla Radio,Rage Against The Machine
1446,23544,0,Fallingforyou,The 1975
1447,176336,0,Du hast,Rammstein
1448,8570,0,Call Casting,Migos
1449,8658,0,Dirt Road Anthem,Jason Aldean
1450,2100,0,Be Real,Kid Ink
1451,8658,0,I'm a Flirt Remix,R. Kelly
1452,863720,0,Go Hard,DJ Khaled
1453,67781,0,Welcome to the Black Parade,My Chemical Romance
1454,8570,0,All The Way Up,Fat Joe
1455,357827,0,Injection,Rise Against
1456,130767,0,You Used to Hold Me,Calvin Harris
1457,21217,0,Oh Ms Believer,Twenty One Pilots
1458,98451,0,California King Bed,Megan & Liz
1459,44631,0,Almost Is Never Enough,Ariana Grande
1460,6721,0,Stitches,Shawn Mendes
1461,44631,0,Faded,Alan Walker
1462,27101,0,Meet You In The Maze,James Blake
1463,44631,0,Thinking Out Loud,Ed Sheeran
1464,3553,0,Too Good,Drake
1465,67781,0,Carousel,Melanie Martinez
1466,863720,0,Bring Em Out,T.I.
1467,2100,0,Juicy,The Notorious B.I.G.
1468,2100,1,Pound The Alarm,Nicki Minaj
1469,67781,0,Ride,Twenty One Pilots
1470,16036,0,Believe,Cher
1471,51818,0,Objects in the Mirror,Mac Miller
1472,51818,1,Plants And Worms,Girlpool
1473,2466,0,Nothing Left,As I Lay Dying
1474,2100,0,Live for the Night,Krewella
1475,454776,0,Wait And Bleed,Slipknot
1476,86626,0,Since I Don't Have You,The Skyliners
1477,176336,0,Distance,Soilwork
1478,454776,0,Simple Man,Lynyrd Skynyrd
1479,130767,0,Greyhound,Swedish House Mafia
1480,44631,0,Story of My Life,One Direction
1481,3553,0,The Hills,The Weeknd
1482,8658,0,Just Got to Be,The Black Keys
1483,24143,0,I'll Stand By You (Glee Cast Version),Glee Cast
1484,16036,0,Sir Duke,Stevie Wonder
1485,61723,0,I'm Not The Only One,Sam Smith
1486,3553,0,Get Loose,Tyga
1487,51818,0,Hiding tonight,Alex Turner
1488,16036,0,Let Me Blow Ya Mind,Eve
1489,863720,0,Black And Yellow,Wiz Khalifa
1490,10224,0,Erase Your Social,Lil Uzi Vert
1491,3553,0,Studio,ScHoolboy Q
1492,176336,0,Ladies And Gentlemen,Saliva
1493,3529,0,Sure Thing,Miguel
1494,130767,0,Thinking About You,Calvin Harris
1495,863720,0,Party Up,DMX
1496,67781,0,Give Me Love,Ed Sheeran
1497,86626,0,Ooo Baby Baby,Smokey Robinson & The Miracles
1498,27101,0,Devil In A New Dress,Kanye West
1499,3553,0,Classic Man,Jidenna
1500,22628,0,If It Makes You Happy,Sheryl Crow
1501,22628,1,arms,Christina Perri
1502,2100,0,Dessert,Dawin
1503,61723,0,My All,Mariah Carey
1504,176336,0,Inside The Fire,Disturbed
1505,3553,0,Love More,Chris Brown
1506,454776,0,Back From the Dead,Skillet
1507,67781,0,Medicine,Daughter
1508,9655,0,Pon de Replay,Rihanna
1509,2100,0,Back To Back,Drake
1510,27101,0,Feel It All Around,Washed Out
1511,454776,0,Got the Life,Korn
1512,46146,0,They Don't Care About Us,Michael Jackson
1513,66889,0,Mirrors,Justin Timberlake
1514,44631,0,Chasing Pavements,Adele
1515,86626,0,The Love I Saw In You Was Just A Mirage,Smokey Robinson & The Miracles
1516,176336,0,Sonne,Rammstein
1517,2100,0,Party In The U,Miley Cyrus
1518,8570,0,Law,Yo Gotti
1519,10572,0,"Hold On, We're Going Home",Drake
1520,46146,0,"Tally It Up, Settle The Score",Sleeping With Sirens
1521,51818,0,Answer,"Tyler, The Creator"
1522,3553,0,Trap Queen,Fetty Wap
1523,44631,0,Warrior,Demi Lovato
1524,3529,0,Novacane,Frank Ocean
1525,10224,0,Deja Vu,Post Malone
1526,27101,0,Carissa,Sun Kil Moon
1527,2100,0,Hotline Bling,Drake
1528,10224,0,Swang,Rae Sremmurd
1529,44631,0,When We Were Young,Adele
1530,66889,0,Fake Plastic Trees,Radiohead
1531,51818,0,Sea of Love,Cat Power
1532,454776,0,Forest,System Of A Down
1533,357827,0,Sleep Now In the Fire,Rage Against The Machine
1534,454776,0,Tumbling Dice,The Rolling Stones
1535,9655,0,Limbo,Daddy Yankee
